userID,itemID,Actual_Rating,Predicted_Rating,Delta_Rating
1,50,3.16,2.8313078421315723,0.32869215786842787
75,34,0.0,-0.7290860029981734,0.7290860029981734
25,20,8.25,4.289936971124414,3.9600630288755863
1010,33,-3.2,0.3469223177617429,3.546922317761743
2.1411908768759824
3.1038879949355818